dataset,window_size,change_points,time_series
InlineSkate,10,[1058 2704],[-0.382758 -0.397053 -0.445415 ... -0.441213 -0.474953 -0.533708]
